phase,Sites/AA Length
HI-Expo,0.001569859
HI-Expo,-0.002354788
HI-Waning,0.004709576
HI-Waning,-0.006279435
LA-Expo,0.001569859
LA-Expo,-0.001569859
LA-Waning,0.01255887
LA-Waning,-0.015698587
