phase,Sites/AA Length
HI-Expo,0.00068089
HI-Expo,-0.002723559
HI-Waning,0.001361779
HI-Waning,-0.003177485
LA-Expo,0.002950522
LA-Expo,-0.004085338
LA-Waning,0.002496596
LA-Waning,-0.015887426
