phase,Sites/AA Length
HI-Expo,0.000453926
HI-Expo,-0.002496596
HI-Waning,0.000226963
HI-Waning,-0.000453926
LA-Expo,0.002269632
LA-Expo,-0.007943713
LA-Waning,0.001361779
LA-Waning,-0.006128007
